t,sigma(t),X(t)
0.0,0.04,1.0
0.001,0.04062829922782275,1.0032414961391138
0.002,0.04045015408094622,1.0024576623081762
0.003,0.04127266908178773,1.006687359305307
0.004,0.04322575583792779,1.0166379844845599
0.005,0.042908184223532465,1.0151745628417692
0.006,0.042592719939048965,1.0137191084323065
0.007,0.044646228202127373,1.0242683075173562
0.008,0.04565785603047847,1.0296230107304751
0.009000000000000001,0.045006429170035125,1.026459734486352
0.01,0.04571938256344402,1.0302985536836478
0.011,0.045075534387043724,1.0271731943880769
0.012,0.04443494155910624,1.024064114593686
0.013000000000000001,0.0447442186045773,1.0258182435913328
0.014,0.04217035680126249,1.0127922540340184
0.015,0.03992356705283463,1.00154884879952
0.016,0.03921323249034643,0.9980906815978337
0.017,0.037947113579418185,0.9918602042522324
0.018000000000000002,0.03834043267376121,0.9938794354137481
0.019,0.03722092068580358,0.9883907824970798
0.02,0.035505994585272725,0.979973333577518
0.021,0.03726614613256999,0.9886297787258976
0.022,0.0369986928749914,0.9873660388893125
0.023,0.03708984695188263,0.9878703368614323
0.024,0.03536319325097076,0.9793974512212248
0.025,0.03472964795773635,0.976324808588535
0.026000000000000002,0.03487619651707747,0.9770606524083991
0.027,0.03353210473366212,0.9705169684980296
0.028,0.033986618662236935,0.9727254295637855
0.029,0.03330433759779665,0.9694166008651136
0.03,0.03298775218163611,0.9678816634408138
0.031,0.03231760895939185,0.9646335495324676
0.032,0.03444664377404909,0.97488754455705
0.033,0.03444746045933246,0.974907805725831
0.034,0.03322253554939137,0.9689531540136587
0.035,0.03419108115719578,0.9736439202531664
0.036000000000000004,0.03278077667748956,0.9667907754556148
0.037,0.03304160195772187,0.968043579730119
0.038,0.03080956885273566,0.9572358170147065
0.039,0.029362684474909348,0.9502745317007165
0.04,0.02960794417883372,0.9513832538549081
0.041,0.030442766680431724,0.9553012705018807
0.042,0.030660543155784224,0.9563000607898893
0.043000000000000003,0.03056048807744069,0.955783307561239
0.044,0.0302558970855837,0.9542879390448363
0.045,0.02865859668590776,0.9466224651082089
0.046,0.027921902063836688,0.9430692285513907
0.047,0.02747132244191141,0.9408680393544503
0.048,0.028617049370837675,0.9461751979203112
0.049,0.02901883478274949,0.9480090584148221
0.05,0.02715230939002332,0.9391002907588665
0.051000000000000004,0.02752859901996981,0.9407800902425927
0.052000000000000005,0.027161925565298922,0.9389733801366511
0.053,0.026494855499275684,0.9357546531490597
0.054,0.02716506908515555,0.9387944434952085
0.055,0.0282782902544896,0.9439330117529358
0.056,0.029303915293052072,0.9487020440802639
0.057,0.02842741477795105,0.9444870141717262
0.058,0.028132404747601418,0.9430243448126259
0.059000000000000004,0.028519411711114204,0.944775560719569
0.06,0.02959580530418102,0.9497920913892939
0.061,0.029105656892763683,0.9474111478469863
0.062,0.028938015153042316,0.9465569393648646
0.063,0.0277809159798108,0.9410182318212225
0.064,0.026556589513157588,0.9351792902977076
0.065,0.027434359006055696,0.9391885874976306
0.066,0.02889279381792865,0.9459542104117404
0.067,0.028848701650214855,0.9456826563474988
0.068,0.02996017040148759,0.9508745243772104
0.069,0.03038617924346123,0.9528518173316942
0.07,0.029703793461678688,0.9495586316532728
0.07100000000000001,0.030128611868293742,0.9515238846639945
0.07200000000000001,0.03184666830925045,0.9596520028225849
0.073,0.03183069299277346,0.9595539488843022
0.074,0.03362070402046205,0.9681203816680393
0.075,0.03060180927384587,0.9535112871377803
0.076,0.031539338729208256,0.9579419436410139
0.077,0.0316624917982978,0.9585060329526895
0.078,0.03135100483666607,0.9569891996177674
0.079,0.031479709151476375,0.9575765868094346
0.08,0.029274948133231556,0.9469938243497684
0.081,0.029069410501120156,0.9459629610225436
0.082,0.029487284294749085,0.9478789239822993
0.083,0.031123880266973034,0.9555807142956623
0.084,0.03057223535750983,0.9529133384514599
0.085,0.029706451413876265,0.9487487868045832
0.08600000000000001,0.029190380504442913,0.9462490635611185
0.08700000000000001,0.03021195852297887,0.9510235957995692
0.088,0.030602721411451858,0.9528371919196326
0.089,0.03004478945545163,0.9501400728995072
0.09,0.030637330952068467,0.9529081913436668
0.091,0.030772885746036073,0.9535155120701101
0.092,0.031875246044562544,0.9587344788954012
0.093,0.031106887692146163,0.9550302518940021
0.094,0.030768069413227305,0.9533804485185683
0.095,0.030360768475525705,0.9514021996782276
0.096,0.028776874941930146,0.9438251791474668
0.097,0.029128246323422098,0.9454188374305232
0.098,0.029442647727987464,0.9468454089553937
0.099,0.02947986901837432,0.9469663648279381
0.1,0.029256689520273167,0.9458549109214182
0.101,0.027757786860265428,0.9387083500080508
0.10200000000000001,0.027351273977243906,0.9367218576392081
0.10300000000000001,0.027030751426281096,0.9351366023561543
0.10400000000000001,0.026235433514993314,0.9313295412839215
0.105,0.026111504401069126,0.9306532898030795
0.106,0.026566105154065982,0.9326678529518838
0.107,0.028550774698388688,0.9418283667228502
0.108,0.028771686437749903,0.942801106195394
0.109,0.02908166755049478,0.9441978479892833
0.11,0.029034129022751282,0.9439132029060855
0.111,0.026999231108410394,0.9342484967308622
0.112,0.027010679779792244,0.9342132118687759
0.113,0.027112253188753092,0.9345990673746479
0.114,0.029716108579313425,0.9466796582371109
0.115,0.02953723877518104,0.9457816309154774
0.116,0.02989639799971668,0.947426207753641
0.117,0.029888749681432958,0.9473411330285634
0.11800000000000001,0.028641236742777364,0.9413830834880004
0.11900000000000001,0.029898533617425456,0.947234817626234
0.12,0.03075114523758673,0.9512241312606441
0.121,0.03165620500716598,0.9554918611315071
0.122,0.030657923656267336,0.950698575365006
0.123,0.03223939302244204,0.9581779261095069
0.124,0.030670739960478356,0.9506469595791428
0.125,0.03134874439072668,0.9538317060357091
0.126,0.03382756815265251,0.9656252150668533
0.127,0.03269386443510625,0.9601587092705203
0.128,0.03206818119438946,0.9571457233319469
0.129,0.032204839344767526,0.9577815681285237
0.13,0.03165678692954384,0.9551407828590459
0.131,0.029936874724120016,0.94690297133969
0.132,0.03004209201501534,0.9473528824153791
0.133,0.028907454239853077,0.9419316010771479
0.134,0.02944999200128037,0.9444242352577675
0.135,0.028483738554877226,0.9398064565718286
0.136,0.030172692247215756,0.9476745392891132
0.137,0.029341697190508217,0.9436920461152517
0.138,0.02902476368367452,0.9421401048383352
0.139,0.029934248266533382,0.9463635251956312
0.14,0.028617579629153757,0.9400850377778118
0.14100000000000001,0.028895088100006103,0.9413229474418492
0.14200000000000002,0.030333689830207,0.9480312242149199
0.14300000000000002,0.028592012892161248,0.9397327472805707
0.14400000000000002,0.028823689840019623,0.9407544857427744
0.145,0.029136268953225304,0.9421611497470816
0.146,0.030012885195079893,0.9462314039136163
0.147,0.028687543963844212,0.9399138777595804
0.148,0.02730698828879184,0.93336036094105
0.149,0.02789055982117034,0.9359994023477396
0.15,0.028240572344648957,0.9375610434203732
0.151,0.028542083744949487,0.938902848521121
0.152,0.02894663596266788,0.9407345469007801
0.153,0.02824806119264159,0.9373867790355442
0.154,0.02853019760351372,0.9386376307396374
0.155,0.028877688517212226,0.9402008449202016
0.156,0.02814329962573895,0.9366856416235739
0.157,0.030158466141781113,0.9460506078780587
0.158,0.030708417781541972,0.9486069645180077
0.159,0.02941596665874609,0.9424394736384858
0.16,0.03015990200136362,0.9458896655872708
0.161,0.02911887031910604,0.9409211342997685
0.162,0.030000965377192903,0.9450115615530479
0.163,0.031300160768782725,0.9511030979882035
0.164,0.030407973455066697,0.9468312810470247
0.165,0.031499226725625454,0.9519558973739582
0.166,0.03198806879953812,0.9542564880206623
0.167,0.03294198609336364,0.9587886409428608
0.168,0.035140492958746154,0.9693225297013537
0.169,0.034864142190099416,0.9680094403787011
0.17,0.03398944968160679,0.9637981149118255
0.171,0.032970299120864854,0.9588963234210479
0.17200000000000001,0.03205451545559795,0.9545003937901062
0.17300000000000001,0.0319910470109457,0.9541791810305189
0.17400000000000002,0.03240098927239406,0.9561157611620549
0.17500000000000002,0.0327387814414139,0.9577172318132674
0.176,0.03370715742913025,0.9623458424759366
0.177,0.033741133198632874,0.9625147208995315
0.178,0.03544854191876336,0.9707376387387235
0.179,0.03514704993289661,0.9693050903352438
0.18,0.03838691050463102,0.9850335277270226
0.181,0.039167041351434916,0.9889504720718324
0.182,0.03809666050529044,0.9837442425808527
0.183,0.03678040744536173,0.9773402491686453
0.184,0.037375274893175686,0.9802977231310626
0.185,0.03710991968567897,0.9790565221940347
0.186,0.037988498307993085,0.9834128752187176
0.187,0.038577891036655876,0.9863796264459391
0.188,0.038491687681780906,0.9860320771540636
0.189,0.0374454826970263,0.9809504133256244
0.19,0.0355991939837594,0.971955332162906
0.191,0.03507956957267289,0.969463108307635
0.192,0.036108786760486865,0.9744774424519305
0.193,0.036377760776432067,0.975828557259012
0.194,0.034885918240265185,0.9685942070989774
0.195,0.035105836697208855,0.9696818231873295
0.196,0.03557712165881304,0.9719925869557775
0.197,0.0345360091750168,0.9669655330578781
0.198,0.034733081476287495,0.9679357878634192
0.199,0.034817492590730366,0.968364633551056
0.2,0.033484190020028476,0.9619305763846352
0.201,0.0339178085200092,0.9640183075576164
0.202,0.03458924566917039,0.9672631477501489
0.203,0.03587941961071606,0.9735210582551611
0.20400000000000001,0.03715422424028812,0.9797634840445165
0.20500000000000002,0.035483265092301916,0.9716339138026887
0.20600000000000002,0.03437953122429981,0.9663031217120119
0.20700000000000002,0.035000364817268974,0.9693178530710804
0.20800000000000002,0.03562328662649563,0.9723611374755192
0.209,0.03625123173005656,0.9754474844752062
0.21,0.04090185991622098,0.9981723961520896
0.211,0.0416293753868966,1.0019166458698183
0.212,0.04308984001933951,1.0093576441389864
0.213,0.0443330384282202,1.0157795202939663
0.214,0.04518747176478314,1.0202866988451218
0.215,0.044748051116259374,1.0182264429272065
0.216,0.04574921646259583,1.0234978495863942
0.217,0.044686519193481176,1.018250122183146
0.218,0.044355842744254484,1.016739971252344
0.219,0.043696269201258534,1.0135550027151452
0.22,0.04379342316994197,1.014204908252485
0.221,0.046845567557816874,1.0298415374636707
0.222,0.0442689755296427,1.0167828618861376
0.223,0.04516937414392721,1.0215271988890242
0.224,0.04298611254089947,1.0105572559043376
0.225,0.04235832131839709,1.0075314813198912
0.226,0.043768695685211786,1.0147728585876556
0.227,0.043842442237502395,1.0153058814233136
0.228,0.04240368712501809,1.0081620481863316
0.229,0.04146489150037551,1.0035669233843374
0.23,0.04233572682297042,1.0080590394538727
0.231,0.04137828024769082,1.003369350240858
0.232,0.04165262350126119,1.0048667690986202
0.233,0.04170648870783907,1.0052628025526076
0.234,0.04085975492061055,1.001133110977351
0.23500000000000001,0.04359806391042339,1.014953194214167
0.23600000000000002,0.04442440834584801,1.019302972151748
0.23700000000000002,0.04171155371322604,1.005646445687381
0.23800000000000002,0.04194726016042734,1.0069580153548423
0.23900000000000002,0.04108418381139647,1.0027427150571766
0.24,0.042173698714527356,1.008321812350266
0.241,0.04113783139191907,1.003233083268477
0.242,0.04098723678949566,1.0025951217916729
0.243,0.041630873670385746,1.005936764270618
0.244,0.042743186032265755,1.011656545774628
0.245,0.04116549034636142,1.0038189080213653
0.246,0.040732759625011626,1.001764922630006
0.247,0.040124320048755706,0.9988285427904396
0.248,0.03929626047880079,0.994794840592907
0.249,0.04151178274334739,1.0059037695202424
0.25,0.042029103897146945,1.0086290470098955
0.251,0.04038815805034913,1.0004850808832948
0.252,0.04155362691845616,1.0064211256603344
0.253,0.04428493905446268,1.0202894729894294
0.254,0.04564623210774612,1.0274016449694672
0.255,0.04357626008103026,1.0169579360298513
0.256,0.042926223037472996,1.0138088837637205
0.257,0.04457755676504807,1.022325448131137
0.258,0.043618852870796025,1.0175973400259362
0.259,0.04419423358204687,1.0206818671921232
0.26,0.04521158485461798,1.0260401100336927
0.261,0.04394942215107965,1.0197477756750668
0.262,0.043858649976523945,1.0194473380539588
0.263,0.03955395945733412,0.997666261689799
0.264,0.03826678308534144,0.9913384911260497
0.265,0.03795950465533212,0.9898887672297426
0.266,0.03642807563121875,0.9823777362112494
0.267,0.03840929714265314,0.9921548788169204
0.268,0.03664140230058736,0.983460293486838
0.269,0.03611874138549757,0.9809390125192576
0.27,0.03628753237970294,0.9818078656065098
0.271,0.038035090871893495,0.9904302058106149
0.272,0.03626991867442261,0.9817586579367524
0.273,0.03768212830960297,0.9887341483888032
0.274,0.037701645211397856,0.9888951305566407
0.275,0.036503214959028314,0.9830343183874153
0.276,0.03707209165656794,0.9858771865068263
0.277,0.037323277759773815,0.9871706690984685
0.278,0.036597929573152374,0.983649538166523
0.279,0.03669259103396038,0.9841632749563068
0.28,0.036235710387724905,0.9819646400618917
0.281,0.03638366929689608,0.9827338426214259
0.28200000000000003,0.03719329786407733,0.9867570546117779
0.28300000000000003,0.03913622417730248,0.9964001685510757
0.28400000000000003,0.03759008670864983,0.9887840404004578
0.28500000000000003,0.04021287417861593,1.0018140275058032
0.28600000000000003,0.03773645641096683,0.9895128575256499
0.28700000000000003,0.03755676385566173,0.9886891712597485
0.28800000000000003,0.038285177179838065,0.9923526779891657
0.289,0.038638049179668954,0.9941772549917944
0.29,0.03786800106804993,0.9904285408202687
0.291,0.037618252762950034,0.9892591205385205
0.292,0.03702064637353303,0.986366766116804
0.293,0.03631239124555347,0.9829283251615366
0.294,0.03734739050440296,0.9880588986078217
0.295,0.03779171059205826,0.9903134625636228
0.296,0.0369464036275384,0.9861940960941163
0.297,0.03804918195782222,0.9916853113161423
0.298,0.038434143801427886,0.9936642659119164
0.299,0.03944671361571784,0.9987710655142613
0.3,0.04023927064772177,1.0028205686810163
0.301,0.03918681629566329,0.9976473355615791
0.302,0.03848791619752486,0.9942486521331383
0.303,0.039419673879224924,0.9989575202848388
0.304,0.04018785788510526,1.0028856361679122
0.305,0.04016079364283235,1.0028530390320018
0.306,0.040309017957705244,1.003698979144949
0.307,0.04193045403058159,1.011941170113468
0.308,0.04115853360204671,1.0081659765107072
0.309,0.041857037741552874,1.0118053535602716
0.31,0.04158984140622239,1.0105829650938625
0.311,0.041304305854609084,1.0092653365680613
0.312,0.042712726113939455,1.01649335769734
0.313,0.0437834892142304,1.0220784869498167
0.314,0.04484872264831978,1.027682461025296
0.315,0.046582713617767016,1.0367699340141452
0.316,0.04659163636350441,1.0370222365735404
0.317,0.04750283727910814,1.0419531519567995
0.318,0.04705264278462874,1.039829203483687
0.319,0.04747620821465152,1.0422453680815922
0.32,0.04727443470137865,1.0414149857210873
0.321,0.04738599327773111,1.042213656665315
0.322,0.04818321755296668,1.0465877349122912
0.323,0.04702274632608003,1.0407481857487373
0.324,0.04987130912523943,1.055785077050862
0.325,0.048420803867813667,1.0483898762466783
0.326,0.046705753739644966,1.0396369335590379
0.327,0.048268579663466656,1.047969328246863
0.328,0.04934379862043575,1.0538380858880858
0.329,0.05019259491805078,1.0585636417874082
0.33,0.05105234165629263,1.0633818239987634
0.331,0.051001683767247605,1.0633951116773488
0.332,0.04968712198591107,1.0566874453782356
0.333,0.049764928510641286,1.0573577439147934
0.334,0.048780236266049146,1.0524124951799156
0.335,0.05011599837300793,1.0596852065445452
0.336,0.04987743873183146,1.0586879810594128
0.337,0.04868180877831408,1.052621711434637
0.338,0.048207286440946476,1.0503665909376299
0.339,0.048756073316480915,1.053483074486953
0.34,0.04794255756573717,1.0494416630487844
0.341,0.04678010980825623,1.0435720304383083
0.342,0.04709311402379029,1.0454157328594433
0.343,0.04740804847259108,1.0472776903656396
0.34400000000000003,0.046687728060318165,1.0437269149046515
0.34500000000000003,0.04602395882446165,1.0404720209390381
0.34600000000000003,0.04632073675933642,1.0422140302386604
0.34700000000000003,0.04433066127627508,1.0320466421012622
0.34800000000000003,0.042443454651363476,1.02247846213094
0.34900000000000003,0.04150001098991117,1.0177949315531216
0.35000000000000003,0.04122050350296873,1.0164972050823131
0.35100000000000003,0.04161606717862481,1.0186279112324972
0.352,0.043514738803770686,1.028424666148833
0.353,0.0446357169749947,1.034345936284167
0.354,0.04440810006572544,1.033344121777357
0.355,0.0443695311907622,1.0333165078527673
0.356,0.0430208437938324,1.0265194613783146
0.357,0.042987495628255754,1.0264974649437864
0.358,0.042600015933809396,1.024657379920283
0.359,0.043013484224567404,1.0269181242184333
0.36,0.04191937046811398,1.0214494088220702
0.361,0.0425861159244591,1.0249861956214945
0.362,0.04457882827742961,1.0353409685060952
0.363,0.04441985919270809,1.034692676299806
0.364,0.04494206708134539,1.0375663668958857
0.365,0.045852569998690695,1.0424705753913637
0.366,0.04529164320905825,1.0397425910634108
0.367,0.0455773925751135,1.0414146234561197
0.368,0.04557766291648733,1.0416072982785927
0.369,0.04569281460050211,1.042398319196832
0.37,0.0446306816516718,1.0370557437311962
0.371,0.04464953823807925,1.0373292600868382
0.372,0.04530111762702544,1.0408848513708677
0.373,0.04723863075323921,1.051155347963545
0.374,0.048535535541512964,1.0581908393997317
0.375,0.051510063547953844,1.074170233306231
0.376,0.05037407481195858,1.0683618804163755
0.377,0.051581206428732526,1.0750832326155557
0.378,0.05180981547691278,1.076606371124106
0.379,0.05492678409068179,1.0936834909408701
0.38,0.053683901886882796,1.0872411382125606
0.381,0.05241233356513092,1.0806605208950395
0.382,0.05150721961523618,1.0760791851671563
0.383,0.04842412045755829,1.0597842391313617
0.384,0.047667129157534516,1.056012896561993
0.385,0.04659589635498338,1.0505837683871275
0.386,0.046781429833230435,1.0517673621923878
0.387,0.04722858688217324,1.0543310521763825
0.388,0.04978562506609895,1.0680306289303665
0.389,0.05109748595932936,1.075299740276997
0.39,0.0502394231264018,1.07097289340063
0.391,0.04893511628604682,1.0642600965056705
0.392,0.04959654166135812,1.068028804999935
0.393,0.047708208524444184,1.0582053777059757
0.394,0.050215102390003694,1.071697594108808
0.395,0.05185602131235745,1.0807618206841136
0.396,0.05114473591732031,1.0772184494010444
0.397,0.048660986620010865,1.0641285481393992
0.398,0.050523856734143495,1.0742848733905952
0.399,0.05032945500935428,1.073517672017912
0.4,0.05205476102197374,1.0830520890434656
0.401,0.04971786997963717,1.0707013596376387
0.402,0.048843466925350465,1.0662833811271217
0.403,0.04882426596890815,1.0664290857886642
0.404,0.048863447952202675,1.0668858095387135
0.405,0.04820764452311114,1.0636360055606013
0.406,0.049047932495342755,1.068342121066217
0.40700000000000003,0.047525389222397324,1.0604609640410556
0.40800000000000003,0.047306504034908076,1.0595261198754076
0.40900000000000003,0.04745006252922921,1.0605087138377607
0.41000000000000003,0.048136444494063305,1.0643728478262457
0.41100000000000003,0.04909947812452906,1.0697343225090445
0.41200000000000003,0.047496083324992916,1.061411274054315
0.41300000000000003,0.04535905180706429,1.0502954148613122
0.41400000000000003,0.04706398307430217,1.059438280679081
0.41500000000000004,0.047498747181630316,1.0619595110102371
0.41600000000000004,0.04644454705499543,1.0565875681947505
0.417,0.048539440886700605,1.0678625592724222
0.418,0.04867500418370834,1.0688299446127802
0.419,0.050294510882020915,1.0777307954441466
0.42,0.05035939370394784,1.0783546202711447
0.421,0.05325310837890153,1.0942322751815434
0.422,0.055775259442900356,1.1083583235786365
0.423,0.05535606669278071,1.106408350143752
0.424,0.05675572827928632,1.1145168285184066
0.425,0.0576778670793429,1.1200470943728427
0.426,0.059703673844286466,1.1318010946413133
0.427,0.058153405761486046,1.1234758087796537
0.428,0.05914528900795507,1.1294658642065405
0.429,0.06071583647105879,1.1387725687873431
0.43,0.05791285642473737,1.1232805215008672
0.431,0.05605818663777866,1.113278094766078
0.432,0.052956383624674405,1.0963917342430953
0.433,0.05252541364129753,1.0943518928577898
0.434,0.05352790655782807,1.100152336302892
0.435,0.05568565485432374,1.1123548520543118
0.436,0.05574918112119604,1.1130811265097318
0.437,0.05813395736227094,1.126727633490789
0.438,0.05597502145205091,1.1149841229722048
0.439,0.05337827562825791,1.1008861479891319
0.44,0.053256974017435905,1.100549459663364
0.441,0.05377776486857952,1.103744144392324
0.442,0.053688479282524515,1.1035898835022766
0.443,0.050617684015460164,1.0869823465442832
0.444,0.05045902008782341,1.086401838863355
0.445,0.04857439591893452,1.076443623713847
0.446,0.04948213377141554,1.0815753589999648
0.447,0.04996944372522348,1.0844726633606039
0.448,0.04861075086646971,1.0773759581486648
0.449,0.04786836808781585,1.0736237241966307
0.45,0.04637908750167964,1.0658631667224907
0.451,0.04627457855904254,1.0655147803924931
0.452,0.04755523398620149,1.0725444031446019
0.453,0.0461730489463837,1.0653609333009777
0.454,0.04683953660962624,1.0691163668668386
0.455,0.046093207565291144,1.0653433994296588
0.456,0.04499833383558355,1.0597152216407526
0.457,0.04483974519618193,1.0590603513438768
0.458,0.04343877797196713,1.0518245969092386
0.459,0.042698662149682404,1.048091674105539
0.46,0.0411250783922382,1.0399926097794794
0.461,0.04364161394497308,1.0532000520241156
0.462,0.04367728057735901,1.0535507227446843
0.463,0.042741368503734944,1.0487840366331485
0.464,0.04301293119063296,1.0503560946445096
0.465,0.042856553391688125,1.0496873381426126
0.466,0.04255866860228319,1.0482738547369983
0.467,0.04335232052176594,1.0525787376882307
0.468,0.04433978727132453,1.0579338568053438
0.46900000000000003,0.043620266348137794,1.0543024905827139
0.47000000000000003,0.042848799858292104,1.050398378460956
0.47100000000000003,0.04248016130705057,1.0486122172377663
0.47200000000000003,0.03947208340759653,1.0329845531923474
0.47300000000000003,0.0375697746688343,1.023254393989666
0.47400000000000003,0.03925269430774971,1.031929692924096
0.47500000000000003,0.04131614560412352,1.0426680017025398
0.47600000000000003,0.04099204820654364,1.041103223116857
0.47700000000000004,0.04172735363094326,1.0450504700445373
0.47800000000000004,0.042124286309710636,1.0472561260800106
0.47900000000000004,0.04611449933535486,1.0682880969477404
0.48,0.04761671002773214,1.0765168754691878
0.481,0.04741732118227004,1.0756742926253395
0.482,0.046079094411522324,1.0687040587053591
0.483,0.043879894712916506,1.057156912185274
0.484,0.04413781138997462,1.0586874447288064
0.485,0.04312041514863094,1.0534735000726634
0.486,0.04124317577160704,1.0437400468577573
0.487,0.04040897703978662,1.0395104510303201
0.488,0.03903271203420273,1.0324675698305708
0.489,0.04114373668430838,1.0434536586374583
0.49,0.042271332618001825,1.0494588760591241
0.491,0.0422541515701924,1.0495094229837587
0.492,0.044171411018208824,1.0597107695107528
0.493,0.04426173717853122,1.0603616459497156
0.494,0.043102935906008895,1.054391724730747
0.495,0.045093575105403676,1.0650408070461777
0.496,0.04580206942920129,1.0690015609390227
0.497,0.04438070436917639,1.06160429007511
0.498,0.04411395940027704,1.0603643211056981
0.499,0.04293847529799378,1.054303584963866
0.5,0.04111743289311408,1.044855828318798
0.501,0.042301863964192554,1.051165625784988
0.502,0.04477872307481698,1.0643249827366863
0.503,0.042892630608390866,1.0544706302914277
0.504,0.04362135758482216,1.0584639362355086
0.505,0.042751040657065205,1.0540212833695584
0.506,0.04210578068575364,1.0507695916136106
0.507,0.04133066674491617,1.046835528132101
0.508,0.0402157738817404,1.0411255592271176
0.509,0.04027666742197579,1.0415500306042442
0.51,0.03922113069965387,1.0361615365245407
0.511,0.039562224088376084,1.038020186410812
0.512,0.03950033937272872,1.037795984205591
0.513,0.03920148402676537,1.0363412312276292
0.514,0.03806740859948499,1.0305560067022854
0.515,0.03736148449350726,1.0269917160093547
0.516,0.03829285133275598,1.031836299319811
0.517,0.03891792009186582,1.0351379036563966
0.518,0.03770148572949315,1.0289287293388365
0.519,0.03783036439404791,1.0296591819040506
0.52,0.03876117554224362,1.034520729270687
0.521,0.03668619951801465,1.0238719289508693
0.522,0.037354358041769495,1.0273439663171988
0.523,0.03655232738380973,1.0232861241630065
0.524,0.03725262143122989,1.0269185393499856
0.525,0.03632915425025869,1.0222372833510145
0.526,0.03416442938616527,1.011218907627181
0.527,0.03227932772800677,1.001700261730175
0.528,0.03235712857278917,1.0020740903977208
0.529,0.03267553478544353,1.0036547500348718
0.53,0.03166364787159754,0.9985669214574163
0.531,0.032407334769595016,1.0022550177486542
0.532,0.03053839107703521,0.9928753054792613
0.533,0.03049374245948216,0.9926120274931024
0.534,0.029184787342406315,0.9860733253489936
0.535,0.028512950838533384,0.9826995635135599
0.536,0.028598031415492137,0.98304655192616
0.537,0.027711988620363646,0.9786216200197697
0.538,0.027343975829406005,0.9767383761093495
0.539,0.028434354458342744,0.9819756988363747
0.54,0.027853809217737058,0.9790531320715599
0.541,0.028772349363900253,0.9834691589280181
0.542,0.027594085890424516,0.9776079461857197
0.543,0.028187916677567704,0.9804264536581444
0.544,0.029754076624201,0.9880283063307739
0.545,0.027088383838041442,0.9748063605830732
0.546,0.0262976064743278,0.9708607723159645
0.547,0.02693057258532086,0.9738309214846251
0.548,0.026759041382548407,0.9729021814423395
0.549,0.027182745410572272,0.9748673521633857
0.55,0.026591396760385046,0.971894979588881
0.551,0.026720925815989206,0.9724261359685246
0.552,0.026599816790521525,0.9717408368918192
0.553,0.02784458477541479,0.9776906478136927
0.554,0.02814955644092541,0.979100993067783
0.555,0.02854334575881508,0.9809526590122614
0.556,0.028137617169276298,0.9788921750528167
0.557,0.027655903822201067,0.9764581572340126
0.558,0.027237981091297936,0.9743345803502192
0.559,0.027687996446088554,0.9764378242724921
0.56,0.02728189356989789,0.9743724684211881
0.561,0.027622758713614512,0.9759446711341005
0.562,0.029841442089443965,0.986687634148935
0.5630000000000001,0.030823661940767706,0.9914816739668666
0.5640000000000001,0.03048918054403918,0.9897861886932696
0.5650000000000001,0.03184426179522762,0.9964501656809465
0.5660000000000001,0.0314081692661323,0.9942551865328874
0.5670000000000001,0.02914949282728032,0.9829979711473651
0.5680000000000001,0.02809350730136544,0.9777461223987527
0.5690000000000001,0.026146063546452093,0.9681487462051998
0.5700000000000001,0.025828145018078088,0.9665054088885042
0.5710000000000001,0.02588938153863585,0.9666925289536858
0.5720000000000001,0.02763770995714729,0.9750350688665607
0.5730000000000001,0.0280185385972164,0.9768083737750788
0.5740000000000001,0.02782253202847013,0.9757731964467004
0.5750000000000001,0.02873403868737423,0.9801396558943435
0.5760000000000001,0.026397316420068255,0.9686204658332791
0.577,0.02668023406838406,0.9698898894357963
0.578,0.02751654201989933,0.9738487309632862
0.579,0.02600277171552711,0.9663928443912891
0.58,0.027211230407705407,0.9721258105212147
0.581,0.027602745853510028,0.9739395500576066
0.582,0.027203567067880713,0.9719119513363897
0.583,0.02790203693478807,0.9752168434964833
0.584,0.030337198785749656,0.987011447389024
0.585,0.030566528199131197,0.9880988428837312
0.586,0.030869296065874064,0.9895536576234123
0.587,0.03038624502271084,0.9871270585341494
0.588,0.029478154626996943,0.9826014182688989
0.589,0.030411361706196568,0.9871294497057317
0.59,0.029495927132240453,0.9825679221059119
0.591,0.029605174816629547,0.983048080773578
0.592,0.02911656636773064,0.980591478397759
0.593,0.02966612948068939,0.9832239390385116
0.594,0.030060600049739105,0.9851091183329319
0.595,0.03122813366871897,0.9908114984120254
0.596,0.030684433130279062,0.9880866868456178
0.597,0.03041339331722988,0.9867083725458415
0.598,0.02936260926668738,0.9814810685048836
0.599,0.028913020604911775,0.9792162968466526
0.6,0.029352036749601264,0.9813008290300338
0.601,0.030204215957938894,0.9854234471035798
0.602,0.02921998938880584,0.9805277948266929
0.603,0.030192469375927896,0.985235014392113
0.604,0.03171167492505342,0.9926724695602052
0.605,0.03220217608724132,0.9950828579253073
0.606,0.03435561874317874,1.0057802433597716
0.607,0.03346545944926413,1.001319143120484
0.608,0.032045014050261486,0.9942095317777281
0.609,0.030055071860700396,0.9842982214253186
0.61,0.031725244615965834,0.9924695599836695
0.611,0.032487213982372476,0.9962267773061366
0.612,0.03244638853248556,0.9960107763729587
0.613,0.03278799932119559,0.9976987654086655
0.614,0.03152070711781014,0.9913687248889573
0.615,0.03429239699011025,1.0050806034473065
0.616,0.03446086289939268,1.0059416715802993
0.617,0.03460591718470717,1.0066882657661418
0.618,0.035475989909902826,1.0110869422086857
0.619,0.036062556724246304,1.0140847886235569
0.62,0.03634326320607817,1.0155496044489078
0.621,0.0354011524524806,1.0108116544294676
0.622,0.03597598566226523,1.0137482476034578
0.623,0.03824573371585692,1.0252931979251196
0.624,0.039915096391060306,1.0339266786643655
0.625,0.04192845059319677,1.0444370576865853
0.626,0.041260618632126815,1.041084171329061
0.627,0.03998550276581611,1.0345704511726208
0.628,0.03982646582623643,1.0338510086499162
0.629,0.03989732042174541,1.0343179680987447
0.63,0.04127990584967767,1.0415699715982725
0.631,0.0391012680267861,1.0303481065913642
0.632,0.041016850649109815,1.0403058359398722
0.633,0.04081140967859371,1.0393571268555892
0.634,0.04026355968043888,1.0366266537346083
0.635,0.03897833621758201,1.030072930106813
0.636,0.03691506003469987,1.0195335268601295
0.637,0.037924594951915185,1.0247345756901558
0.638,0.03802112389840485,1.0252997308031693
0.639,0.03643624794419559,1.0172469622131999
0.64,0.034883456771359525,1.0093964481525337
0.641,0.03450216261416955,1.0074955336490776
0.642,0.03647937392997869,1.017473355352069
0.643,0.03617635902324716,1.0159798225699288
0.644,0.0343796455865598,1.0068960264278957
0.645,0.03410832789374627,1.0055458858086805
0.646,0.03380744904179762,1.0040448377390376
0.647,0.030689861800758042,0.9884009913626468
0.648,0.030657635206803348,0.98820253522733
0.649,0.030429928462917498,0.9870377713442661
0.65,0.031226739890077616,0.9909271996664057
0.651,0.03331948595384249,1.0012646824381795
0.652,0.03464010251458477,1.0078759080713702
0.653,0.03433966879609839,1.0063816644548247
0.654,0.03305980012560979,0.9999566740037454
0.655,0.03603986366609946,1.0148522433147353
0.656,0.036122845529430826,1.0153145158912138
0.657,0.036151220638037274,1.0155010476728787
0.658,0.03613375613179205,1.0154552950635853
0.659,0.03638349775109699,1.0167659578745767
0.66,0.036220194509621315,1.01598227154105
0.661,0.03554103744021132,1.012576208827121
0.662,0.0349023801463709,1.009376294950259
0.663,0.03487897289712621,1.009281917717552
0.664,0.034252459781842624,1.0061436757161546
0.665,0.033435307844764006,1.0020466860471506
0.666,0.033578084801321025,1.0027635646762785
0.667,0.03330184928911984,1.001382251559571
0.668,0.03505778490421391,1.0101735924453075
0.669,0.031933353522940876,0.9944186320130357
0.67,0.033191165863236845,1.0006517096567484
0.671,0.034647375953475244,1.0079353713370007
0.672,0.03222255500971293,0.995734924395661
0.673,0.03185683470615979,0.9938975313900674
0.674,0.03146196794080445,0.9919132335483845
0.675,0.029908608142599234,0.9841813993654106
0.676,0.029088125666223673,0.9800933231441802
0.677,0.027922918471427298,0.9743208536903343
0.678,0.029811024146768107,0.9834398851572064
0.679,0.030863342011219395,0.9885623822659018
0.68,0.03230357139836146,0.9956445391281309
0.681,0.03314700308509586,0.9998279507405472
0.682,0.03186749432201716,0.9934287131449756
0.683,0.031299694805980285,0.9905865283338311
0.684,0.03187336797961418,0.9933976754972419
0.685,0.03051780661499583,0.9866428630613828
0.686,0.03133401555817056,0.9906277279139978
0.687,0.031090960601548867,0.989394134322441
0.6880000000000001,0.03069969303633976,0.9874252662961815
0.6890000000000001,0.031515441454808946,0.9914137114482959
0.6900000000000001,0.032039701674551994,0.9939854710553823
0.6910000000000001,0.03165494271225315,0.9920539591973593
0.6920000000000001,0.0329845189719795,0.9986240403490302
0.6930000000000001,0.03176380958305689,0.9925236666226377
0.6940000000000001,0.03248279326884208,0.9960683414009125
0.6950000000000001,0.03318140533086745,0.9995349602499639
0.6960000000000001,0.032845243167256545,0.9978526532155034
0.6970000000000001,0.03324052612794888,0.9998175183399836
0.6980000000000001,0.031818155556119415,0.9927055714095052
0.6990000000000001,0.03288514372728519,0.99797903503891
0.7000000000000001,0.0326944219287675,0.9970206439992237
0.7010000000000001,0.03211856269161696,0.9941403711439395
0.7020000000000001,0.03333122206127374,1.0001500245349992
0.7030000000000001,0.03253794811347875,0.9961830280694165
0.704,0.030953504037521746,0.9882791613435971
0.705,0.02924855505429365,0.9798190545516966
0.706,0.029936293184034707,0.9831283140181355
0.707,0.028565334312224272,0.97633907570166
0.708,0.030475392118517134,0.9855935683109652
0.709,0.028205327600265756,0.9743645118395688
0.71,0.03004264306289923,0.9832406385567475
0.711,0.030303837417123385,0.9844761899688794
0.712,0.03022644685509619,0.9840505071417023
0.713,0.029656589920086233,0.9812008071140103
0.714,0.030122342157956644,0.9834316751185088
0.715,0.030110664403257964,0.9833268868927283
0.716,0.03135116617736813,0.9893784465762342
0.717,0.03150502962501859,0.9901101757684163
0.718,0.03169924131369223,0.9910444772828709
0.719,0.031314701117758734,0.9891147032274336
0.72,0.03127702399628986,0.9888984183712602
0.721,0.031647474529077936,0.9906996058852886
0.722,0.029748384428831966,0.9812674141212225
0.723,0.028308482544425008,0.9741500032246019
0.724,0.029134475068282952,0.9780997819473172
0.725,0.02935152553322904,0.9790996634741918
0.726,0.029184117474941536,0.9782216388063744
0.727,0.029236482001487183,0.9784168765801871
0.728,0.029644652766460444,0.9803535559778107
0.729,0.02908795394600956,0.9775705044699634
0.73,0.028281160026342737,0.9735647624096635
0.731,0.02852461769225928,0.9746760921644587
0.732,0.027513976507310994,0.9696805490582889
0.733,0.02797972247460262,0.9718540293278807
0.734,0.026214590749820733,0.9631987335084943
0.735,0.02730980618438992,0.9683704326483651
0.736,0.02784182417112849,0.9708588900044693
0.737,0.028148488681890186,0.9722675576297337
0.738,0.029226779553399175,0.9774338779463269
0.739,0.03105987005987258,0.9863322934863796
0.74,0.0322173353734285,0.9920068847194623
0.741,0.030150911284519296,0.9817407439398285
0.742,0.02877523108071055,0.97494107270543
0.743,0.028138568158840936,0.9717708703289382
0.744,0.02820183286658777,0.9720025425073578
0.745,0.028787037133211527,0.9747718252100718
0.746,0.02804190134383981,0.9710736643212216
0.747,0.02827557884262209,0.972131179092508
0.748,0.027507405588001858,0.9683236012211522
0.749,0.026903431736513255,0.9653147697965458
0.75,0.025483492909034903,0.9583682269999874
0.751,0.02459492440122391,0.9539975023082481
0.752,0.023300450433045128,0.9476978313415895
0.753,0.022408430501583226,0.9433283824482893
0.754,0.023458741503370895,0.9481277367764591
0.755,0.022588697291130725,0.9438627359111754
0.756,0.025143145556078505,0.9557658566280939
0.757,0.025682444329682412,0.9582256548722009
0.758,0.025912738941979086,0.9592190567287203
0.759,0.025081114279118983,0.9551237359721286
0.76,0.02582731599826171,0.9585690824866139
0.761,0.02528474905815662,0.9558607174745433
0.762,0.025451597501851327,0.956542736956942
0.763,0.028078346314980372,0.968992636194523
0.764,0.028012308906250796,0.9685963067248001
0.765,0.029264815853970783,0.9745848658742229
0.766,0.028536227202016932,0.9709750317725843
0.767,0.02853323729974752,0.970890648116155
0.768,0.030459437447862753,0.9801713911419442
0.769,0.02979601202867386,0.9768777844037967
0.77,0.0318053003071093,0.986640096853147
0.771,0.03262817463160149,0.9906768865894269
0.772,0.032007715944877765,0.987593037422915
0.773,0.03274726673342886,0.9912252759133365
0.774,0.03388211792780434,0.9968410279942557
0.775,0.03462436218913062,1.000548731421662
0.776,0.032792571098248936,0.9914041262198646
0.777,0.031981406112596394,0.9873751229420921
0.778,0.0317255078955441,0.9860917623848919
0.779,0.03166648151712927,0.9857769533060072
0.78,0.032390023429280525,0.9893185608531807
0.781,0.032615120576813365,0.9904180262734767
0.782,0.031112054251276285,0.9829640363930826
0.783,0.03156285297606188,0.9851468795018763
0.784,0.03227422865692775,0.9886247644146812
0.785,0.032933444486045,0.9918676440268105
0.786,0.0341951138636725,0.9981187396403188
0.787,0.035187826973218594,1.0030858698183935
0.788,0.03574702856869183,1.0059184091578766
0.789,0.035675884982778724,1.0055970056511292
0.79,0.03370469686706777,0.9957212362613231
0.791,0.03422241890379396,0.9983043170119205
0.792,0.034482745953154134,0.9996170587674243
0.793,0.03481825082549641,1.001311175322824
0.794,0.03332705421786453,0.9938677191508878
0.795,0.03209889406449499,0.9877644818898283
0.796,0.03331594354005179,0.9937569830841445
0.797,0.03329033326754647,0.9936294719300126
0.798,0.034096883755983715,0.9976358927175767
0.799,0.03414766474122709,0.9979006235649215
0.8,0.03419999834428031,0.9981739315678184
0.801,0.035314829437952104,1.0037508844831604
0.802,0.034715552562980895,1.0007730949436613
0.803,0.034844674447043186,1.0014399527985964
0.804,0.03431438397031275,0.9988073852092677
0.805,0.03382239824124777,0.9963650885205516
0.806,0.033481320414037924,0.9946732076310539
0.807,0.03375794318376207,0.9960511619011443
0.808,0.033220348268064324,0.993380145696103
0.809,0.03468824994865211,1.0006693840659433
0.81,0.03365039627522307,0.9954969794388628
0.811,0.03345264048573977,0.9945173875113911
0.812,0.0329636169993346,0.9920874555062971
0.8130000000000001,0.034646260477828976,1.0004286010777599
0.8140000000000001,0.034893710201814074,1.0016860823317746
0.8150000000000001,0.03612806874724491,1.0078917263264866
0.8160000000000001,0.03435384401084436,0.9989928460246913
0.8170000000000001,0.03468383029608475,1.0006564079588902
0.8180000000000001,0.03574763896865899,1.005999213535754
0.8190000000000001,0.03585879014235355,1.006594735345911
0.8200000000000001,0.037147280152617305,1.0131178033232222
0.8210000000000001,0.03652527850034677,1.0100249582465166
0.8220000000000001,0.03823921324292371,1.0187289017448198
0.8230000000000001,0.041087674556461194,1.0333129174976188
0.8240000000000001,0.04061925490654094,1.0310129870365454
0.8250000000000001,0.04004953078675897,1.0281887004003971
0.8260000000000001,0.04188892216649443,1.0377484903366556
0.8270000000000001,0.04392790576937714,1.0484614293561525
0.8280000000000001,0.043223038350255774,1.0449329178557554
0.8290000000000001,0.04266087205665673,1.0421507987031033
0.8300000000000001,0.04228479256735872,1.040336951531321
0.8310000000000001,0.040529433029022496,1.0313458125837196
0.8320000000000001,0.03935816689713564,1.0254172354903275
0.833,0.038100175133952925,1.0190600728326245
0.834,0.03715802330394488,1.0143323917423754
0.835,0.03712426323594332,1.0142193646936517
0.836,0.037418303036424794,1.015768141509608
0.837,0.03932294599438763,1.025503760429106
0.838,0.038072881240060585,1.019186165452006
0.839,0.03929337994856154,1.0254781996701425
0.84,0.039027224426316814,1.0242051947093176
0.841,0.038968341040049745,1.0239911270513666
0.842,0.039813943123925964,1.0284071251742817
0.843,0.03839766448060187,1.0212245405134102
0.844,0.038876398379279496,1.0237465918306696
0.845,0.03908733822026286,1.024911456956346
0.846,0.03970583596031928,1.0281694442387532
0.847,0.04007114362323027,1.030145715309776
0.848,0.043179427194627085,1.0462597542209977
0.849,0.042331757572313784,1.0419798647436374
0.85,0.04163379868824507,1.0384842118786164
0.851,0.04082474369039162,1.0344125562028899
0.852,0.04011243365167106,1.0308446820971353
0.853,0.039304726012846354,1.0267863994689654
0.854,0.040797683548690684,1.034543112104752
0.855,0.042609929684073816,1.0440331787702717
0.856,0.04185697597663709,1.040247911622705
0.857,0.040774387420251905,1.03475010971996
0.858,0.04137410741998836,1.037968405870596
0.859,0.04065957546709303,1.0343852889520546
0.86,0.04146477293312512,1.038663383376177
0.861,0.041721715649803426,1.0401244557618683
0.862,0.03975844104177134,1.0300450805197907
0.863,0.04171070270484057,1.0401989403882532
0.864,0.04402526353356692,1.0523676709569318
0.865,0.04319999832362706,1.0481940364476436
0.866,0.04268075140264807,1.0456278115086106
0.867,0.04304622376643453,1.0476851606526614
0.868,0.04347595676022639,1.0500889258234614
0.869,0.04433396834630145,1.0547536279953802
0.87,0.046997905893635186,1.0689766613547498
0.871,0.04673429976614844,1.0677868240016979
0.872,0.04562262512619923,1.0620663069669127
0.873,0.043742448079651074,1.0522777241468013
0.874,0.042764374636705786,1.0472959988574815
0.875,0.04271275509228474,1.0471738505231376
0.876,0.04505028326878826,1.0595601707076003
0.877,0.04434029610655495,1.0559850223156264
0.878,0.04462530934155355,1.0576642186696732
0.879,0.044589491709120674,1.057653950313294
0.88,0.04616283109036549,1.0661527701776519
0.881,0.04957810184266435,1.0845639451136073
0.882,0.04880177987895705,1.0806183684087527
0.883,0.04809154667779702,1.0770316455056357
0.884,0.04951548284782445,1.0849381930291806
0.885,0.05044659282388581,1.0902525263846816
0.886,0.053038529053268085,1.1046617181121556
0.887,0.05384993471783451,1.109469875620081
0.888,0.053281069770609514,1.1066556212766623
0.889,0.05410351035514781,1.11153754287679
0.89,0.055692215622567626,1.1207133730962853
0.891,0.05686974501627447,1.127687606265827
0.892,0.05758422708593426,1.1321142949363618
0.893,0.05915035104629366,1.1413912733044225
0.894,0.06089149329112729,1.151769905904401
0.895,0.06298589910473648,1.164307383728255
0.896,0.0639466211760437,1.1704181332540353
0.897,0.06360750391435113,1.1689710435002576
0.898,0.06377070238705977,1.1704557593765847
0.899,0.06562634340300876,1.1818498718574872
0.9,0.06422586376262085,1.1741465707870211
0.901,0.06474410342306267,1.1777331027677862
0.902,0.06403688102640362,1.1741234091857373
0.903,0.0640107753498437,1.1745108990673017
0.904,0.06598443819379445,1.1866418065238817
0.905,0.06621694750506986,1.1886025103605582
0.906,0.06621387102691502,1.1891705100075824
0.907,0.06392214768951021,1.1761307694445686
0.908,0.06504366051154567,1.1832656448226582
0.909,0.06600969099628509,1.1895438243559169
0.91,0.06944679285420552,1.2105697901916805
0.911,0.06884548007732162,1.20758590272765
0.912,0.06912261561315111,1.2099024870754673
0.913,0.06944992301441678,1.21253206039423
0.914,0.07199076574919208,1.2285932146194103
0.915,0.07173308194177212,1.2277226856202539
0.916,0.0721105194053955,1.2307467919400512
0.917,0.07304661390512777,1.2372231419129223
0.918,0.07326645366577454,1.2393201089563166
0.919,0.07240239722818086,1.2347082451500222
0.92,0.07263549082672584,1.236870841519917
0.921,0.07436762097135534,1.2483121232571524
0.922,0.07249405302348692,1.237386489322718
0.923,0.07262300077273222,1.2389111345182928
0.924,0.07133185803887625,1.231643225069093
0.925,0.07325649196198407,1.2441975461125054
0.926,0.0705493309474063,1.2281014150961425
0.927,0.06951876524390992,1.222458794392086
0.928,0.07005923173291484,1.2264258124468967
0.929,0.07258978487500246,1.2426191147597592
0.93,0.0723799775502123,1.2420472740547048
0.931,0.07133814982161797,1.2363047442731872
0.932,0.07442185791915948,1.2560715420518538
0.933,0.07182024406625546,1.240506628328208
0.934,0.06799794684644436,1.2175148521631483
0.935,0.06863963247202635,1.2220542312879272
0.936,0.06772181937531103,1.2170933375798683
0.937,0.06595784220152943,1.2069865232093728
0.9380000000000001,0.06703054402759132,1.2140508665847203
0.9390000000000001,0.06734866233017199,1.2165955775070156
0.9400000000000001,0.06634078020151687,1.2110853962875399
0.9410000000000001,0.06417614584344383,1.1985772335437792
0.9420000000000001,0.06550146880784745,1.20707425559831
0.9430000000000001,0.0664774187502609,1.213546915772238
0.9440000000000001,0.06623626302023215,1.212686975349759
0.9450000000000001,0.06916334979236544,1.2310336896854144
0.9460000000000001,0.06729599833375893,1.2202014462657211
0.9470000000000001,0.0647112074841858,1.2050532379952918
0.9480000000000001,0.06352388681693708,1.1984664950549613
0.9490000000000001,0.06338064933806573,1.198150903960903
0.9500000000000001,0.06369796202336171,1.2005918646470213
0.9510000000000001,0.06324180230247137,1.1984003892902924
0.9520000000000001,0.06373201899410078,1.2018754034735541
0.9530000000000001,0.061662556616114236,1.1899872553098787
0.9540000000000001,0.06386501597248687,1.203597419351876
0.9550000000000001,0.06366211772601846,1.2029275981391683
0.9560000000000001,0.0653740795278894,1.2137716786077808
0.9570000000000001,0.06585217323016673,1.2172565138398916
0.9580000000000001,0.06651592126524691,1.2218900284814447
0.9590000000000001,0.06736574704770616,1.22769017882881
0.96,0.06801857808564,1.2323242689985245
0.961,0.06899467267280392,1.2389797462747918
0.962,0.07111575743481019,1.2527824067335807
0.963,0.07135386339287948,1.2549838788525902
0.964,0.07245760999431045,1.2626255270926137
0.965,0.07220746746447625,1.2617873350313304
0.966,0.07455832361241989,1.2773545009527145
0.967,0.07328655752984999,1.270021904207337
0.968,0.07627018048013097,1.2897293587591991
0.969,0.0760912278128261,1.289406009900009
0.97,0.07348681570455412,1.2734422710683857
0.971,0.07360598887128258,1.274968068935563
0.972,0.07233656890341596,1.267645914557999
0.973,0.07366950913356518,1.2768360301268666
0.974,0.0724481939643822,1.2698114743047888
0.975,0.07159129789542032,1.2651160194841937
0.976,0.06829898116280936,1.245016217743589
0.977,0.06746648340860409,1.2404868436966598
0.978,0.06340223275345756,1.2159137222147203
0.979,0.06080964436801886,1.2007003210564255
0.98,0.06193316632737906,1.207940249175226
0.981,0.06310417899774796,1.2155310192002877
0.982,0.06371081759788813,1.2197607701754547
0.983,0.062096022679557966,1.2104682516632035
0.984,0.061954540531755566,1.2101341982570346
0.985,0.06188300570618345,1.210220897087472
0.986,0.059994884096909826,1.1993139471002046
0.987,0.06226385478320505,1.2133996215936127
0.988,0.06358167161955261,1.2219213781030784
0.989,0.06315854126568156,1.219890634345542
0.99,0.0631317992570427,1.2202732750934924
0.991,0.0633935471535708,1.2224157289823006
0.992,0.06007210526241452,1.2026660061019063
0.993,0.0596287333700596,1.200482231767585
0.994,0.058516595560353955,1.1942802307762619
0.995,0.05692864446773724,1.1852490758728662
0.996,0.05645367215884205,1.1828537682327047
0.997,0.059105718370803285,1.1989489022079713
0.998,0.06003376431978477,1.2049757971578403
0.999,0.059088547401441545,1.199763580206187
1.0,0.05991155993814688,1.2051641850617378
